{
    "LatLongs": [
        [
            -31.977426123666667,
            115.81717328233333
        ],
        [
            -31.977427718333335,
            115.81717406533333
        ],
        [
            -31.977429316166667,
            115.81717413833333
        ],
        [
            -31.9774310175,
            115.81717349083333
        ],
        [
            -31.9774337815,
            115.81717091016667
        ],
        [
            -31.977436027333333,
            115.817167091
        ],
        [
            -31.977437896666668,
            115.8171645115
        ],
        [
            -31.977429544666666,
            115.81718130916667
        ],
        [
            -31.977429619666665,
            115.81718120416667
        ],
        [
            -31.9774298125,
            115.817181201
        ],
        [
            -31.977429981333334,
            115.81718129666666
        ],
        [
            -31.977430068333334,
            115.81718162416666
        ],
        [
            -31.977430203666668,
            115.81718160566666
        ],
        [
            -31.9774302465,
            115.81718167166666
        ],
        [
            -31.977430309,
            115.81718180966666
        ],
        [
            -31.977430417833332,
            115.81718198266667
        ],
        [
            -31.977430399,
            115.81718223366667
        ],
        [
            -31.977430395666666,
            115.81718206383333
        ],
        [
            -31.977430225,
            115.81718176583334
        ],
        [
            -31.977430097,
            115.81718143216666
        ],
        [
            -31.977429952333335,
            115.81718092633334
        ],
        [
            -31.977429746833334,
            115.81718052066667
        ],
        [
            -31.977429593166665,
            115.81718003966667
        ],
        [
            -31.977422149333332,
            115.817163391
        ],
        [
            -31.977410083333332,
            115.81713552866667
        ]
    ],
    "live": [
        -31.977410083333332,
        115.81713552866667
    ]
}