{
    "LatLongs": [
        [
            -31.977426123666667,
            115.81717328233333
        ],
        [
            -31.977427718333335,
            115.81717406533333
        ],
        [
            -31.977429316166667,
            115.81717413833333
        ],
        [
            -31.9774310175,
            115.81717349083333
        ],
        [
            -31.9774337815,
            115.81717091016667
        ],
        [
            -31.977436027333333,
            115.817167091
        ],
        [
            -31.977437896666668,
            115.8171645115
        ],
        [
            -31.977439648833332,
            115.81716300966667
        ],
        [
            -31.9774410255,
            115.8171617
        ]
    ],
    "live": [
        -31.9774410255,
        115.8171617
    ]
}