{
    "LAT": [
        -31.977426123666667,
        -31.977427718333335,
        -31.977429316166667,
        -31.9774310175,
        -31.9774337815,
        -31.977436027333333,
        -31.977437896666668,
        -31.977439648833332,
        -31.9774410255,
        -31.9774421465,
        -31.977442730333333,
        -31.977443096666665,
        -31.977443331666667,
        -31.977443387833333,
        -31.977443409166668,
        -31.977443262333335,
        -31.9774430465,
        -31.9774427505,
        -31.977442467666666,
        -31.977442140166666,
        -31.9774418705,
        -31.977441532333334,
        -31.977441178333333,
        -31.977440834833335,
        -31.977440524166667,
        -31.97744021666667,
        -31.977440019333333,
        -31.977439764333333,
        -31.9774396135,
        -31.977439377,
        -31.977439234666665,
        -31.977438961,
        -31.977438745666667,
        -31.9774386005,
        -31.9774384615,
        -31.9774381775
    ],
    "LONG": [
        115.81717328233333,
        115.81717406533333,
        115.81717413833333,
        115.81717349083333,
        115.81717091016667,
        115.817167091,
        115.8171645115,
        115.81716300966667,
        115.8171617,
        115.81716061383334,
        115.81715958383333,
        115.81715893083333,
        115.81715871683333,
        115.81715877833334,
        115.817159016,
        115.8171593165,
        115.81715969283333,
        115.81716027266667,
        115.81716083316667,
        115.81716146733334,
        115.81716206216667,
        115.81716279133333,
        115.81716357066666,
        115.81716430466666,
        115.81716506316667,
        115.81716570083333,
        115.8171664495,
        115.81716700833333,
        115.81716762166667,
        115.8171682995,
        115.81716889983333,
        115.81716941666667,
        115.81716982633333,
        115.817170338,
        115.817170896,
        115.817171354
    ],
    "CURRENT_POS": [
        -31.9774381775,
        115.817171354
    ]
}