{
    "LatLongs": [
        [
            -31.977426123666667,
            115.81717328233333
        ],
        [
            -31.977427718333335,
            115.81717406533333
        ],
        [
            -31.977429316166667,
            115.81717413833333
        ]
    ],
    "live": [
        -31.977429316166667,
        115.81717413833333
    ]
}